{
  "lang":"en",
  "name":"pipeline",
  "version":"0.0.0",
  "spacy_version":">=3.7.3,<3.8.0",
  "description":"",
  "author":"",
  "email":"",
  "url":"",
  "license":"",
  "spacy_git_version":"e1249d372",
  "vectors":{
    "width":0,
    "vectors":0,
    "keys":0,
    "name":null,
    "mode":"default"
  },
  "labels":{
    "ner":[
      "ADDRESS_LINE_1",
      "ADDRESS_LINE_2",
      "CITY",
      "DISTRICT",
      "PINCODE",
      "STATE"
    ],
    "entity_ruler":[
      "CITY",
      "DISTRICT",
      "STATE"
    ]
  },
  "pipeline":[
    "ner",
    "entity_ruler"
  ],
  "components":[
    "ner",
    "entity_ruler"
  ],
  "disabled":[

  ],
  "performance":{
    "ents_f":0.7717041801,
    "ents_p":0.7692307692,
    "ents_r":0.7741935484,
    "ents_per_type":{
      "ADDRESS_LINE_1":{
        "p":0.6842105263,
        "r":0.6666666667,
        "f":0.6753246753
      },
      "ADDRESS_LINE_2":{
        "p":0.4583333333,
        "r":0.4782608696,
        "f":0.4680851064
      },
      "STATE":{
        "p":1.0,
        "r":0.8571428571,
        "f":0.9230769231
      },
      "PINCODE":{
        "p":0.9736842105,
        "r":0.9487179487,
        "f":0.961038961
      },
      "CITY":{
        "p":0.9090909091,
        "r":0.8571428571,
        "f":0.8823529412
      },
      "DISTRICT":{
        "p":0.3636363636,
        "r":0.8,
        "f":0.5
      }
    },
    "ner_loss":0.6304370238
  }
}